filename,category,raw_rules,dataset_name
data grid recipe - afg.yml,affected_people,(name:afghanistan-displacement-data-baseline-assessment-iom-dtm),afghanistan-displacement-data-baseline-assessment-iom-dtm
data grid recipe - afg.yml,affected_people,(name:unhcr-population-data-for-afg),unhcr-population-data-for-afg
data grid recipe - afg.yml,affected_people,(name:afghanistan-voluntary-repatriation-2025),afghanistan-voluntary-repatriation-2025
data grid recipe - afg.yml,affected_people,(name:afg-jiaf-humanitarian-needs-pin-and-severity),afg-jiaf-humanitarian-needs-pin-and-severity
data grid recipe - afg.yml,coordination_context,(name:afghanistan-who-does-what-where-october-to-december-2024),afghanistan-who-does-what-where-october-to-december-2024
data grid recipe - afg.yml,coordination_context,(name:afg-requirements-and-funding-data),afg-requirements-and-funding-data
data grid recipe - afg.yml,coordination_context,(name:afghanistan-acled-conflict-data),afghanistan-acled-conflict-data
data grid recipe - afg.yml,coordination_context,(name:afghanistan-humanitarian-access-incidents),afghanistan-humanitarian-access-incidents
data grid recipe - afg.yml,food_security_nutrition_poverty,(name:afghanistan-acute-food-insecurity-country-data),afghanistan-acute-food-insecurity-country-data
data grid recipe - afg.yml,food_security_nutrition_poverty,(name:afg-malnutrition-prevalence),afg-malnutrition-prevalence
data grid recipe - afg.yml,food_security_nutrition_poverty,(name:wfp-food-prices-for-afghanistan),wfp-food-prices-for-afghanistan
data grid recipe - afg.yml,food_security_nutrition_poverty,(name:global-market-monitor),global-market-monitor
data grid recipe - afg.yml,food_security_nutrition_poverty,(name:afghanistan-mpi),afghanistan-mpi
data grid recipe - afg.yml,geography_and_infrastructure,(name:cod-ab-afg),cod-ab-afg
data grid recipe - afg.yml,geography_and_infrastructure,(name:cod-ps-afg),cod-ps-afg
data grid recipe - afg.yml,geography_and_infrastructure,(name:hotosm_afg_populated_places),hotosm_afg_populated_places
data grid recipe - afg.yml,geography_and_infrastructure,(name:worldpop-population-counts-2015-2030-afg),worldpop-population-counts-2015-2030-afg
data grid recipe - afg.yml,geography_and_infrastructure,(name:hotosm_afg_roads),hotosm_afg_roads
data grid recipe - afg.yml,health_and_education,(name:hotosm_afg_health_facilities),hotosm_afg_health_facilities
data grid recipe - afg.yml,health_and_education,(name:hotosm_afg_education_facilities),hotosm_afg_education_facilities
data grid recipe - afg.yml,climate,(name:afg-rainfall-subnational),afg-rainfall-subnational
data grid recipe - afg.yml,climate,(name:asap-hotspots-monthly),asap-hotspots-monthly
data grid recipe - afg.yml,climate,(name:afghanistan-natural-disaster-incidents),afghanistan-natural-disaster-incidents
data grid recipe - bdi.yml,affected_people,(name:burundi-baseline-assessment-data-iom-dtm),burundi-baseline-assessment-data-iom-dtm
data grid recipe - bdi.yml,affected_people,(name:unhcr-population-data-for-bdi),unhcr-population-data-for-bdi
data grid recipe - bdi.yml,affected_people,(name:burundi-statistiques-des-rapatriements-par-province-et-commune),burundi-statistiques-des-rapatriements-par-province-et-commune
data grid recipe - bdi.yml,affected_people,(name:burundi-humanitarian-needs-overview),burundi-humanitarian-needs-overview
data grid recipe - bdi.yml,coordination_context,(name:burundi-operational-presence),burundi-operational-presence
data grid recipe - bdi.yml,coordination_context,(name:fts-requirements-and-funding-data-for-burundi),fts-requirements-and-funding-data-for-burundi
data grid recipe - bdi.yml,coordination_context,(name:burundi-acled-conflict-data),burundi-acled-conflict-data
data grid recipe - bdi.yml,coordination_context,(name:burundi-displacement-data-emergency-event-tracking-iom-dtm),burundi-displacement-data-emergency-event-tracking-iom-dtm
data grid recipe - bdi.yml,food_security_and_nutrition,(name:burundi-acute-food-insecurity-country-data),burundi-acute-food-insecurity-country-data
data grid recipe - bdi.yml,food_security_and_nutrition,(name:burundi-malnutrition-prevalence),burundi-malnutrition-prevalence
data grid recipe - bdi.yml,food_security_and_nutrition,(name:wfp-food-prices-for-burundi),wfp-food-prices-for-burundi
data grid recipe - bdi.yml,geography_and_infrastructure,(name:cod-ab-bdi),cod-ab-bdi
data grid recipe - bdi.yml,geography_and_infrastructure,(name:burundi-administrative-level-0-1-and-2-administrative-boundaries),burundi-administrative-level-0-1-and-2-administrative-boundaries
data grid recipe - bdi.yml,geography_and_infrastructure,(name:hotosm_bdi_populated_places),hotosm_bdi_populated_places
data grid recipe - bdi.yml,geography_and_infrastructure,(name:hotosm_bdi_roads),hotosm_bdi_roads
data grid recipe - bdi.yml,geography_and_infrastructure,(name:hotosm_bdi_airports),hotosm_bdi_airports
data grid recipe - bdi.yml,health_and_education,(name:health-facilities-in-sub-saharan-africa),health-facilities-in-sub-saharan-africa
data grid recipe - bdi.yml,health_and_education,(name:hotosm_bdi_education_facilities),hotosm_bdi_education_facilities
data grid recipe - bdi.yml,socio-economic,(name:cod-ps-bdi),cod-ps-bdi
data grid recipe - bdi.yml,socio-economic,(name:burundi-mpi),burundi-mpi
data grid recipe - bfa.yml,affected_people,(name:situation-des-personnes-deplacees-internes),situation-des-personnes-deplacees-internes
data grid recipe - bfa.yml,affected_people,(name:unhcr-population-data-for-bfa),unhcr-population-data-for-bfa
data grid recipe - bfa.yml,affected_people,(name:bfa-jiaf-humanitarian-needs-pin-and-severity),bfa-jiaf-humanitarian-needs-pin-and-severity
data grid recipe - bfa.yml,coordination_context,(name:burkina-faso-presence-operationnelle),burkina-faso-presence-operationnelle
data grid recipe - bfa.yml,coordination_context,(name:bfa-requirements-and-funding-data),bfa-requirements-and-funding-data
data grid recipe - bfa.yml,coordination_context,(name:burkina-faso-acled-conflict-data),burkina-faso-acled-conflict-data
data grid recipe - bfa.yml,coordination_context,(name:burkina-faso-humanitarian-access),burkina-faso-humanitarian-access
data grid recipe - bfa.yml,food_security_nutrition_poverty,(name:cadre-harmonise),cadre-harmonise
data grid recipe - bfa.yml,food_security_nutrition_poverty,(name:bilan-sur-la-malnutrition-aigue-moderee-mam-et-la-malnutrition-aigue-severe-mas-au-burkina-faso),bilan-sur-la-malnutrition-aigue-moderee-mam-et-la-malnutrition-aigue-severe-mas-au-burkina-faso
data grid recipe - bfa.yml,food_security_nutrition_poverty,(name:wfp-food-prices-for-burkina-faso),wfp-food-prices-for-burkina-faso
data grid recipe - bfa.yml,food_security_nutrition_poverty,(name:global-market-monitor),global-market-monitor
data grid recipe - bfa.yml,food_security_nutrition_poverty,(name:burkina-faso-mpi),burkina-faso-mpi
data grid recipe - bfa.yml,geography_and_infrastructure,(name:cod-ab-bfa),cod-ab-bfa
data grid recipe - bfa.yml,geography_and_infrastructure,(name:cod-ps-bfa),cod-ps-bfa
data grid recipe - bfa.yml,geography_and_infrastructure,(name:hotosm_bfa_populated_places),hotosm_bfa_populated_places
data grid recipe - bfa.yml,geography_and_infrastructure,(name:worldpop-population-counts-2015-2030-bfa),worldpop-population-counts-2015-2030-bfa
data grid recipe - bfa.yml,geography_and_infrastructure,(name:hotosm_bfa_roads),hotosm_bfa_roads
data grid recipe - bfa.yml,health_and_education,(name:hotosm_bfa_health_facilities),hotosm_bfa_health_facilities
data grid recipe - bfa.yml,health_and_education,(name:hotosm_bfa_education_facilities),hotosm_bfa_education_facilities
data grid recipe - bfa.yml,climate,(name:bfa-rainfall-subnational),bfa-rainfall-subnational
data grid recipe - bfa.yml,climate,(name:bfa-ndvi-subnational),bfa-ndvi-subnational
data grid recipe - bfa.yml,climate,(name:asap-hotspots-monthly),asap-hotspots-monthly
data grid recipe - bfa.yml,climate,(name:floodscan),floodscan
data grid recipe - bfa.yml,climate,(name:burkina-faso-suivi-des-inondations),burkina-faso-suivi-des-inondations
data grid recipe - bgd.yml,affected_people,(name:idmc-idp-data-for-bangladesh),idmc-idp-data-for-bangladesh
data grid recipe - bgd.yml,affected_people,(name:iom-bangladesh-needs-and-population-monitoring-npm-round-16-site-assessment),iom-bangladesh-needs-and-population-monitoring-npm-round-16-site-assessment
data grid recipe - bgd.yml,affected_people,(name:outline-of-camps-sites-of-rohingya-refugees-in-cox-s-bazar-bangladesh),outline-of-camps-sites-of-rohingya-refugees-in-cox-s-bazar-bangladesh
data grid recipe - bgd.yml,affected_people,(name:southern-camps-infrastructure-risk-to-flood-and-landslide-hazards),southern-camps-infrastructure-risk-to-flood-and-landslide-hazards
data grid recipe - bgd.yml,affected_people,(name:acled-data-for-bangladesh),acled-data-for-bangladesh
data grid recipe - bgd.yml,coordination_context,(name:iscg-4w-influx-cox-s-bazar-bangladesh),iscg-4w-influx-cox-s-bazar-bangladesh
data grid recipe - bgd.yml,coordination_context,(name:fts-requirements-and-funding-data-for-bangladesh),fts-requirements-and-funding-data-for-bangladesh
data grid recipe - bgd.yml,coordination_context,(name:acled-data-for-bangladesh),acled-data-for-bangladesh
data grid recipe - bgd.yml,food_security_and_nutrition,(name:ipc-country-data),ipc-country-data
data grid recipe - bgd.yml,food_security_and_nutrition,(name:wfp-food-prices-for-bangladesh),wfp-food-prices-for-bangladesh
data grid recipe - bgd.yml,geography_and_infrastructure,(name:administrative-boundaries-of-bangladesh-as-of-2015),administrative-boundaries-of-bangladesh-as-of-2015
data grid recipe - bgd.yml,geography_and_infrastructure,(name:outline-of-camps-sites-of-rohingya-refugees-in-cox-s-bazar-bangladesh),outline-of-camps-sites-of-rohingya-refugees-in-cox-s-bazar-bangladesh
data grid recipe - bgd.yml,geography_and_infrastructure,(name:cox-s-bazar-refugee-settlement-infrastructure),cox-s-bazar-refugee-settlement-infrastructure
data grid recipe - bgd.yml,geography_and_infrastructure,(name:bangladesh-settlements-0),bangladesh-settlements-0
data grid recipe - bgd.yml,geography_and_infrastructure,(name:wfp-geonode-bangladesh-road-network-main-roads),wfp-geonode-bangladesh-road-network-main-roads
data grid recipe - bgd.yml,geography_and_infrastructure,(name:wfp-geonode-bangladesh-streets-and-pathways),wfp-geonode-bangladesh-streets-and-pathways
data grid recipe - bgd.yml,geography_and_infrastructure,(name:bangladesh-roads),bangladesh-roads
data grid recipe - bgd.yml,geography_and_infrastructure,(name:ourairports-bgd),ourairports-bgd
data grid recipe - bgd.yml,geography_and_infrastructure,(name:bangladesh-aerodromes),bangladesh-aerodromes
data grid recipe - bgd.yml,health_and_education,(name:bangladesh-health-facilities-by-lged),bangladesh-health-facilities-by-lged
data grid recipe - bgd.yml,health_and_education,(name:bangladesh-education-facilities-by-lged),bangladesh-education-facilities-by-lged
data grid recipe - bgd.yml,health_and_education,(name:cox-bazar-education-facilities-damage-reports),cox-bazar-education-facilities-damage-reports
data grid recipe - bgd.yml,health_and_education,(name:learning-centres-affected-by-road-closures),learning-centres-affected-by-road-closures
data grid recipe - bgd.yml,socio-economic,(name:bangladesh-administrative-level-0-3-population-statistics),bangladesh-administrative-level-0-3-population-statistics
data grid recipe - bgd.yml,socio-economic,(name:bangladesh-administrative-level-0-3-population-statistics),bangladesh-administrative-level-0-3-population-statistics
data grid recipe - bgd.yml,socio-economic,(name:bangladesh-mpi),bangladesh-mpi
data grid recipe - caf.yml,affected_people,(name:statistiques-detaillees-des-sites-pdis-en-republique-centrafricaine),statistiques-detaillees-des-sites-pdis-en-republique-centrafricaine
data grid recipe - caf.yml,affected_people,(name:unhcr-population-data-for-caf),unhcr-population-data-for-caf
data grid recipe - caf.yml,affected_people,(name:statistiques-detaillees-des-sites-pdis-en-republique-centrafricaine),statistiques-detaillees-des-sites-pdis-en-republique-centrafricaine
data grid recipe - caf.yml,affected_people,(name:caf-jiaf-humanitarian-needs-pin-and-severity),caf-jiaf-humanitarian-needs-pin-and-severity
data grid recipe - caf.yml,coordination_context,(name:republique-centrafricaine-presence-operationnelle),republique-centrafricaine-presence-operationnelle
data grid recipe - caf.yml,coordination_context,(name:caf-requirements-and-funding-data),caf-requirements-and-funding-data
data grid recipe - caf.yml,coordination_context,(name:central-african-republic-acled-conflict-data),central-african-republic-acled-conflict-data
data grid recipe - caf.yml,coordination_context,(name:republique-centraficaine-acces-physique-dans-les-communes),republique-centraficaine-acces-physique-dans-les-communes
data grid recipe - caf.yml,food_security_nutrition_poverty,(name:central-african-republic-acute-food-insecurity-country-data),central-african-republic-acute-food-insecurity-country-data
data grid recipe - caf.yml,food_security_nutrition_poverty,(name:republique-centrafricaine-analyse-de-la-malnutrition-aigue-de-l-ipc),republique-centrafricaine-analyse-de-la-malnutrition-aigue-de-l-ipc
data grid recipe - caf.yml,food_security_nutrition_poverty,(name:global-market-monitor),global-market-monitor
data grid recipe - caf.yml,food_security_nutrition_poverty,(name:wfp-food-prices-for-central-african-republic),wfp-food-prices-for-central-african-republic
data grid recipe - caf.yml,food_security_nutrition_poverty,(name:central-african-republic-mpi),central-african-republic-mpi
data grid recipe - caf.yml,geography_and_infrastructure,(name:cod-ab-caf),cod-ab-caf
data grid recipe - caf.yml,geography_and_infrastructure,(name:cod-ps-caf),cod-ps-caf
data grid recipe - caf.yml,geography_and_infrastructure,(name:hotosm_caf_populated_places),hotosm_caf_populated_places
data grid recipe - caf.yml,geography_and_infrastructure,(name:worldpop-population-counts-2015-2030-caf),worldpop-population-counts-2015-2030-caf
data grid recipe - caf.yml,geography_and_infrastructure,(name:hotosm_caf_roads),hotosm_caf_roads
data grid recipe - caf.yml,health_and_education,(name:hotosm_caf_health_facilities),hotosm_caf_health_facilities
data grid recipe - caf.yml,health_and_education,(name:hotosm_caf_education_facilities),hotosm_caf_education_facilities
data grid recipe - caf.yml,climate,(name:caf-rainfall-subnational),caf-rainfall-subnational
data grid recipe - caf.yml,climate,(name:floodscan),floodscan
data grid recipe - caf.yml,climate,(name:republique-centrafricaine-situation-des-inondations),republique-centrafricaine-situation-des-inondations
data grid recipe - cmr.yml,affected_people,(name:cameroon-baseline-assessment-data-iom-dtm),cameroon-baseline-assessment-data-iom-dtm
data grid recipe - cmr.yml,affected_people,(name:unhcr-population-data-for-cmr),unhcr-population-data-for-cmr
data grid recipe - cmr.yml,affected_people,(name:cameroon-baseline-assessment-data-iom-dtm),cameroon-baseline-assessment-data-iom-dtm
data grid recipe - cmr.yml,affected_people,(name:cameroon-humanitarian-needs),cameroon-humanitarian-needs
data grid recipe - cmr.yml,coordination_context,(name:cameroon-5w-operational-presence),cameroon-5w-operational-presence
data grid recipe - cmr.yml,coordination_context,(name:cmr-requirements-and-funding-data),cmr-requirements-and-funding-data
data grid recipe - cmr.yml,coordination_context,(name:cameroon-acled-conflict-data),cameroon-acled-conflict-data
data grid recipe - cmr.yml,food_security_nutrition_poverty,(name:cadre-harmonise),cadre-harmonise
data grid recipe - cmr.yml,food_security_nutrition_poverty,(name:cameroun-analyse-analyse-ipc-de-la-malnutrition-aigue),cameroun-analyse-analyse-ipc-de-la-malnutrition-aigue
data grid recipe - cmr.yml,food_security_nutrition_poverty,(name:global-market-monitor),global-market-monitor
data grid recipe - cmr.yml,food_security_nutrition_poverty,(name:wfp-food-prices-for-cameroon),wfp-food-prices-for-cameroon
data grid recipe - cmr.yml,geography_and_infrastructure,(name:cod-ab-cmr),cod-ab-cmr
data grid recipe - cmr.yml,geography_and_infrastructure,(name:cod-ps-cmr),cod-ps-cmr
data grid recipe - cmr.yml,geography_and_infrastructure,(name:hotosm_cmr_populated_places),hotosm_cmr_populated_places
data grid recipe - cmr.yml,geography_and_infrastructure,(name:worldpop-population-counts-2015-2030-cmr),worldpop-population-counts-2015-2030-cmr
data grid recipe - cmr.yml,geography_and_infrastructure,(name:hotosm_cmr_roads),hotosm_cmr_roads
data grid recipe - cmr.yml,health_and_education,(name:hotosm_cmr_health_facilities),hotosm_cmr_health_facilities
data grid recipe - cmr.yml,health_and_education,(name:hotosm_cmr_education_facilities),hotosm_cmr_education_facilities
data grid recipe - cmr.yml,climate,(name:cmr-rainfall-subnational),cmr-rainfall-subnational
data grid recipe - cmr.yml,climate,(name:floodscan),floodscan
data grid recipe - cmr.yml,climate,(name:cameroun-situations-des-inondations),cameroun-situations-des-inondations
data grid recipe - cod.yml,affected_people,(name:drc-displacement-deplace-site-assessment-ocha),drc-displacement-deplace-site-assessment-ocha
data grid recipe - cod.yml,affected_people,(name:unhcr-population-data-for-cod),unhcr-population-data-for-cod
data grid recipe - cod.yml,affected_people,(name:drc-displacement-idps-site-assessment-ocha),drc-displacement-idps-site-assessment-ocha
data grid recipe - cod.yml,affected_people,(name:cod-jiaf-humanitarian-needs-pin-and-severity),cod-jiaf-humanitarian-needs-pin-and-severity
data grid recipe - cod.yml,coordination_context,(name:drc_presence_operationnelle),drc_presence_operationnelle
data grid recipe - cod.yml,coordination_context,(name:cod-requirements-and-funding-data),cod-requirements-and-funding-data
data grid recipe - cod.yml,coordination_context,(name:democratic-republic-of-congo-acled-conflict-data),democratic-republic-of-congo-acled-conflict-data
data grid recipe - cod.yml,coordination_context,(name:drc-acces-humanitaire),drc-acces-humanitaire
data grid recipe - cod.yml,food_security_nutrition_poverty,(name:democratic-republic-of-the-congo-acute-food-insecurity-country-data),democratic-republic-of-the-congo-acute-food-insecurity-country-data
data grid recipe - cod.yml,food_security_nutrition_poverty,(name:rdc-ipc-amn),rdc-ipc-amn
data grid recipe - cod.yml,food_security_nutrition_poverty,(name:wfp-food-prices-for-democratic-republic-of-the-congo),wfp-food-prices-for-democratic-republic-of-the-congo
data grid recipe - cod.yml,food_security_nutrition_poverty,(name:global-market-monitor),global-market-monitor
data grid recipe - cod.yml,geography_and_infrastructure,(name:cod-ab-cod),cod-ab-cod
data grid recipe - cod.yml,geography_and_infrastructure,(name:cod-ps-cod),cod-ps-cod
data grid recipe - cod.yml,geography_and_infrastructure,(name:hotosm_cod_populated_places),hotosm_cod_populated_places
data grid recipe - cod.yml,geography_and_infrastructure,(name:worldpop-population-counts-2015-2030-cod),worldpop-population-counts-2015-2030-cod
data grid recipe - cod.yml,geography_and_infrastructure,(name:hotosm_cod_roads),hotosm_cod_roads
data grid recipe - cod.yml,health_and_education,(name:hotosm_cod_health_facilities),hotosm_cod_health_facilities
data grid recipe - cod.yml,health_and_education,(name:hotosm_cod_education_facilities),hotosm_cod_education_facilities
data grid recipe - cod.yml,climate,(name:cod-rainfall-subnational),cod-rainfall-subnational
data grid recipe - cod.yml,climate,(name:internally-displaced-persons-natural-disaster),internally-displaced-persons-natural-disaster
data grid recipe - col.yml,affected_people,(name:desplazamientos-colombia),desplazamientos-colombia
data grid recipe - col.yml,affected_people,(name:unhcr-population-data-for-col),unhcr-population-data-for-col
data grid recipe - col.yml,affected_people,(name:colombia-retornados-por-desplazamiento),colombia-retornados-por-desplazamiento
data grid recipe - col.yml,affected_people,(name:col-jiaf-humanitarian-needs-pin-and-severity),col-jiaf-humanitarian-needs-pin-and-severity
data grid recipe - col.yml,coordination_context,(name:colombia-4ws),colombia-4ws
data grid recipe - col.yml,coordination_context,(name:col-requirements-and-funding-data),col-requirements-and-funding-data
data grid recipe - col.yml,coordination_context,(name:colombia-acled-conflict-data),colombia-acled-conflict-data
data grid recipe - col.yml,coordination_context,(name:acceso-humanitario-colombia),acceso-humanitario-colombia
data grid recipe - col.yml,food_security_nutrition_poverty,(name:colombia-seguridad-alimentaria),colombia-seguridad-alimentaria
data grid recipe - col.yml,food_security_nutrition_poverty,(name:colombia-desnutricion-aguda),colombia-desnutricion-aguda
data grid recipe - col.yml,food_security_nutrition_poverty,(name:wfp-food-prices-for-colombia),wfp-food-prices-for-colombia
data grid recipe - col.yml,food_security_nutrition_poverty,(name:global-market-monitor),global-market-monitor
data grid recipe - col.yml,food_security_nutrition_poverty,(name:colombia-pobreza-multidimensional-departamental),colombia-pobreza-multidimensional-departamental
data grid recipe - col.yml,geography_and_infrastructure,(name:cod-ab-col),cod-ab-col
data grid recipe - col.yml,geography_and_infrastructure,(name:cod-ps-col),cod-ps-col
data grid recipe - col.yml,geography_and_infrastructure,(name:hotosm_col_populated_places),hotosm_col_populated_places
data grid recipe - col.yml,geography_and_infrastructure,(name:worldpop-population-counts-2015-2030-col),worldpop-population-counts-2015-2030-col
data grid recipe - col.yml,geography_and_infrastructure,(name:colombia-roads),colombia-roads
data grid recipe - col.yml,health_and_education,(name:colombia-health-facilities-2021),colombia-health-facilities-2021
data grid recipe - col.yml,health_and_education,(name:hotosm_col_education_facilities),hotosm_col_education_facilities
data grid recipe - col.yml,climate,(name:col-rainfall-subnational),col-rainfall-subnational
data grid recipe - col.yml,climate,(name:colombia-desastres-naturales),colombia-desastres-naturales
data grid recipe - eth.yml,affected_people,(name:ethiopia-baseline-assessment-data-iom-dtm),ethiopia-baseline-assessment-data-iom-dtm
data grid recipe - eth.yml,affected_people,(name:unhcr-population-data-for-eth),unhcr-population-data-for-eth
data grid recipe - eth.yml,affected_people,(name:ethiopia-displacement-data-village-assessment-iom-dtm),ethiopia-displacement-data-village-assessment-iom-dtm
data grid recipe - eth.yml,affected_people,(name:ethiopia-humanitarian-needs),ethiopia-humanitarian-needs
data grid recipe - eth.yml,coordination_context,(name:ethiopia-operational-presence),ethiopia-operational-presence
data grid recipe - eth.yml,coordination_context,(name:eth-requirements-and-funding-data),eth-requirements-and-funding-data
data grid recipe - eth.yml,coordination_context,(name:ethiopia-acled-conflict-data),ethiopia-acled-conflict-data
data grid recipe - eth.yml,coordination_context,(name:ethiopia-acled-conflict-data),ethiopia-acled-conflict-data
data grid recipe - eth.yml,coordination_context,(name:ethiopia-humanitarian-access),ethiopia-humanitarian-access
data grid recipe - eth.yml,food_security_nutrition_poverty,(name:ethiopia-malnutrition-prevalence),ethiopia-malnutrition-prevalence
data grid recipe - eth.yml,food_security_nutrition_poverty,(name:wfp-food-prices-for-ethiopia),wfp-food-prices-for-ethiopia
data grid recipe - eth.yml,food_security_nutrition_poverty,(name:global-market-monitor),global-market-monitor
data grid recipe - eth.yml,food_security_nutrition_poverty,(name:ethiopia-mpi),ethiopia-mpi
data grid recipe - eth.yml,geography_and_infrastructure,(name:cod-ab-eth),cod-ab-eth
data grid recipe - eth.yml,geography_and_infrastructure,(name:cod-ps-eth),cod-ps-eth
data grid recipe - eth.yml,geography_and_infrastructure,(name:hotosm_eth_populated_places),hotosm_eth_populated_places
data grid recipe - eth.yml,geography_and_infrastructure,(name:worldpop-population-counts-2015-2030-eth),worldpop-population-counts-2015-2030-eth
data grid recipe - eth.yml,geography_and_infrastructure,(name:hotosm_eth_roads),hotosm_eth_roads
data grid recipe - eth.yml,health_and_education,(name:hotosm_eth_health_facilities),hotosm_eth_health_facilities
data grid recipe - eth.yml,health_and_education,(name:hotosm_eth_education_facilities),hotosm_eth_education_facilities
data grid recipe - eth.yml,climate,(name:eth-rainfall-subnational),eth-rainfall-subnational
data grid recipe - eth.yml,climate,(name:eth-ndvi-subnational),eth-ndvi-subnational
data grid recipe - eth.yml,climate,(name:asap-hotspots-monthly),asap-hotspots-monthly
data grid recipe - eth.yml,climate,(name:floodscan),floodscan
data grid recipe - hti.yml,affected_people,(name:haiti-displacement-idps-baseline-assessment-iom-dtm),haiti-displacement-idps-baseline-assessment-iom-dtm
data grid recipe - hti.yml,affected_people,(name:unhcr-population-data-for-hti),unhcr-population-data-for-hti
data grid recipe - hti.yml,affected_people,(name:haiti-displacement-idps-baseline-assessment-iom-dtm),haiti-displacement-idps-baseline-assessment-iom-dtm
data grid recipe - hti.yml,affected_people,(name:hti-jiaf-humanitarian-needs-pin-and-severity),hti-jiaf-humanitarian-needs-pin-and-severity
data grid recipe - hti.yml,coordination_context,(name:haiti-operational-presence),haiti-operational-presence
data grid recipe - hti.yml,coordination_context,(name:hti-requirements-and-funding-data),hti-requirements-and-funding-data
data grid recipe - hti.yml,coordination_context,(name:haiti-acled-conflict-data),haiti-acled-conflict-data
data grid recipe - hti.yml,coordination_context,(name:haiti-humanitarian-access-severity),haiti-humanitarian-access-severity
data grid recipe - hti.yml,food_security_nutrition_poverty,(name:haiti-acute-food-insecurity-country-data),haiti-acute-food-insecurity-country-data
data grid recipe - hti.yml,food_security_nutrition_poverty,(name:haiti-acutemalnutrition),haiti-acutemalnutrition
data grid recipe - hti.yml,food_security_nutrition_poverty,(name:wfp-food-prices-for-haiti),wfp-food-prices-for-haiti
data grid recipe - hti.yml,food_security_nutrition_poverty,(name:global-market-monitor),global-market-monitor
data grid recipe - hti.yml,geography_and_infrastructure,(name:cod-ab-hti),cod-ab-hti
data grid recipe - hti.yml,geography_and_infrastructure,(name:cod-ps-hti),cod-ps-hti
data grid recipe - hti.yml,geography_and_infrastructure,(name:hotosm_hti_populated_places),hotosm_hti_populated_places
data grid recipe - hti.yml,geography_and_infrastructure,(name:worldpop-population-counts-2015-2030-hti),worldpop-population-counts-2015-2030-hti
data grid recipe - hti.yml,geography_and_infrastructure,(name:hotosm_hti_roads),hotosm_hti_roads
data grid recipe - hti.yml,health_and_education,(name:hotosm_hti_health_facilities),hotosm_hti_health_facilities
data grid recipe - hti.yml,health_and_education,(name:hotosm_hti_education_facilities),hotosm_hti_education_facilities
data grid recipe - hti.yml,climate,(name:hti-rainfall-subnational),hti-rainfall-subnational
data grid recipe - idn.yml,affected_people,(name:indonesia-displacement-data-sulawesi-earthquake-site-assessment-iom-dtm),indonesia-displacement-data-sulawesi-earthquake-site-assessment-iom-dtm
data grid recipe - idn.yml,affected_people,(name:indonesia-displacement-data-lombok-earthquake-site-assessment-iom-dtm),indonesia-displacement-data-lombok-earthquake-site-assessment-iom-dtm
data grid recipe - idn.yml,affected_people,(name:idmc-idp-data-for-indonesia),idmc-idp-data-for-indonesia
data grid recipe - idn.yml,affected_people,(name:indonesia-displacement-data-sulawesi-earthquake-site-assessment-iom-dtm),indonesia-displacement-data-sulawesi-earthquake-site-assessment-iom-dtm
data grid recipe - idn.yml,affected_people,(name:indonesia-number-of-casualties-caused-by-natural-disaster-1815-2018),indonesia-number-of-casualties-caused-by-natural-disaster-1815-2018
data grid recipe - idn.yml,affected_people,(name:indonesia-dengue-fever-cases-by-province-2015-2017),indonesia-dengue-fever-cases-by-province-2015-2017
data grid recipe - idn.yml,affected_people,(name:indonesia-monthly-humanitarian-update),indonesia-monthly-humanitarian-update
data grid recipe - idn.yml,coordination_context,(name:ngoaidmap-idn),ngoaidmap-idn
data grid recipe - idn.yml,coordination_context,(name:iati-idn),iati-idn
data grid recipe - idn.yml,coordination_context,(name:4w-central-sulawesi-earthquake-and-tsunami-2018),4w-central-sulawesi-earthquake-and-tsunami-2018
data grid recipe - idn.yml,coordination_context,(name:indonesia-monthly-humanitarian-update),indonesia-monthly-humanitarian-update
data grid recipe - idn.yml,coordination_context,(name:acled-data-for-indonesia),acled-data-for-indonesia
data grid recipe - idn.yml,coordination_context,(name:indonesia-monthly-humanitarian-update),indonesia-monthly-humanitarian-update
data grid recipe - idn.yml,coordination_context,(name:indonesia-vulnerability-to-food-insecurity-2015),indonesia-vulnerability-to-food-insecurity-2015
data grid recipe - idn.yml,coordination_context,(name:indonesia-flight-routes),indonesia-flight-routes
data grid recipe - idn.yml,coordination_context,(name:indonesia-sea-routes),indonesia-sea-routes
data grid recipe - idn.yml,coordination_context,(name:damage-assessment-of-pantoloan-area-in-central-sulawesi-2846),damage-assessment-of-pantoloan-area-in-central-sulawesi-2846
data grid recipe - idn.yml,coordination_context,(name:damage-assessment-oftawaeli-area-in-central-sulawesi-2847),damage-assessment-oftawaeli-area-in-central-sulawesi-2847
data grid recipe - idn.yml,coordination_context,(name:damage-assessment-of-taipa-area-in-central-sulawesi-2845),damage-assessment-of-taipa-area-in-central-sulawesi-2845
data grid recipe - idn.yml,coordination_context,(name:ma-sulawesi-earthquake-2018-copernicus-building-damage-classfcn),ma-sulawesi-earthquake-2018-copernicus-building-damage-classfcn
data grid recipe - idn.yml,coordination_context,(name:potentially-damaged-buildings-gathering-sites-over-gili-islands-lombok-utara-district-indonesia-2837),potentially-damaged-buildings-gathering-sites-over-gili-islands-lombok-utara-district-indonesia-2837
data grid recipe - idn.yml,coordination_context,(name:damage-assessment-of-gumantar-and-dangiang-desa-kagayan-district-lombok-island-indonesia-2836),damage-assessment-of-gumantar-and-dangiang-desa-kagayan-district-lombok-island-indonesia-2836
data grid recipe - idn.yml,food_security_and_nutrition,(name:indonesia-vulnerability-to-food-insecurity-2015),indonesia-vulnerability-to-food-insecurity-2015
data grid recipe - idn.yml,food_security_and_nutrition,(name:wfp-food-prices),wfp-food-prices
data grid recipe - idn.yml,geography_and_infrastructure,(name:indonesia-administrative-boundary-polygons-lines-and-places-levels-0-4b),indonesia-administrative-boundary-polygons-lines-and-places-levels-0-4b
data grid recipe - idn.yml,geography_and_infrastructure,(name:indonesia-administrative-boundary-2017),indonesia-administrative-boundary-2017
data grid recipe - idn.yml,geography_and_infrastructure,(name:indonesia-administrative-boundary-2017),indonesia-administrative-boundary-2017
data grid recipe - idn.yml,geography_and_infrastructure,(name:indonesian-capital-cities),indonesian-capital-cities
data grid recipe - idn.yml,geography_and_infrastructure,(name:hotosm_idn_sumatra_roads),hotosm_idn_sumatra_roads
data grid recipe - idn.yml,geography_and_infrastructure,(name:hotosm_idn_westjava_roads),hotosm_idn_westjava_roads
data grid recipe - idn.yml,geography_and_infrastructure,(name:hotosm_idn_eastjava_roads),hotosm_idn_eastjava_roads
data grid recipe - idn.yml,geography_and_infrastructure,(name:hotosm_idn_sulawesi_roads),hotosm_idn_sulawesi_roads
data grid recipe - idn.yml,geography_and_infrastructure,(name:hotosm_idn_kalimantan_roads),hotosm_idn_kalimantan_roads
data grid recipe - idn.yml,geography_and_infrastructure,(name:hotosm_idn_maluku_roads),hotosm_idn_maluku_roads
data grid recipe - idn.yml,geography_and_infrastructure,(name:hotosm_idn_westpapua_roads),hotosm_idn_westpapua_roads
data grid recipe - idn.yml,geography_and_infrastructure,(name:ourairports-idn),ourairports-idn
data grid recipe - idn.yml,geography_and_infrastructure,(name:indonesia-airport),indonesia-airport
data grid recipe - idn.yml,health_and_education,(name:indonesia-health-facilities),indonesia-health-facilities
data grid recipe - idn.yml,health_and_education,(name:indonesia-healthsites),indonesia-healthsites
data grid recipe - idn.yml,health_and_education,(name:average-number-of-years-of-education-received-by-people-aged-15-and-older-2015-2016),average-number-of-years-of-education-received-by-people-aged-15-and-older-2015-2016
data grid recipe - idn.yml,health_and_education,(name:indonesia-education-facilities),indonesia-education-facilities
data grid recipe - idn.yml,socio-economic,(name:indonesia-population-by-age-group-sex-and-urban-rural-2010),indonesia-population-by-age-group-sex-and-urban-rural-2010
data grid recipe - idn.yml,socio-economic,(name:indonesia-population-projection-by-province-2010-2035),indonesia-population-projection-by-province-2010-2035
data grid recipe - idn.yml,socio-economic,(name:dhs-data-for-indonesia),dhs-data-for-indonesia
data grid recipe - idn.yml,socio-economic,(name:indonesia-vulnerability-to-food-insecurity-2015),indonesia-vulnerability-to-food-insecurity-2015
data grid recipe - idn.yml,socio-economic,(name:population-at-village-level-admin4-of-banten-province),population-at-village-level-admin4-of-banten-province
data grid recipe - idn.yml,socio-economic,(name:population-at-village-level-admin4-of-lampung-province),population-at-village-level-admin4-of-lampung-province
data grid recipe - idn.yml,socio-economic,(name:2018-population-projection-central-sulawesi-province),2018-population-projection-central-sulawesi-province
data grid recipe - idn.yml,socio-economic,(name:indonesia-population-by-age-group-sex-and-urban-rural-2010),indonesia-population-by-age-group-sex-and-urban-rural-2010
data grid recipe - idn.yml,socio-economic,(name:percentage-of-population-living-below-poverty-line-by-province-in-indonesia-2007-2018),percentage-of-population-living-below-poverty-line-by-province-in-indonesia-2007-2018
data grid recipe - irn.yml,affected_people,(name:idmc-idp-data-for-iran-islamic-republic-of),idmc-idp-data-for-iran-islamic-republic-of
data grid recipe - irn.yml,affected_people,(name:unhcr-demographics-residing-irn),unhcr-demographics-residing-irn
data grid recipe - irn.yml,affected_people,(name:acled-data-for-iran-islamic-republic-of),acled-data-for-iran-islamic-republic-of
data grid recipe - irn.yml,affected_people,(name:acled-database),acled-database
data grid recipe - irn.yml,coordination_context,(name:iati-irn),iati-irn
data grid recipe - irn.yml,coordination_context,(name:fts-requirements-and-funding-data-for-iran-islamic-republic-of),fts-requirements-and-funding-data-for-iran-islamic-republic-of
data grid recipe - irn.yml,coordination_context,(name:acled-data-for-iran-islamic-republic-of),acled-data-for-iran-islamic-republic-of
data grid recipe - irn.yml,coordination_context,(name:acled-database),acled-database
data grid recipe - irn.yml,coordination_context,(name:wfp-geonode-iran-road-network-main-roads),wfp-geonode-iran-road-network-main-roads
data grid recipe - irn.yml,coordination_context,(name:hotosm_irn_railways),hotosm_irn_railways
data grid recipe - irn.yml,coordination_context,(name:hotosm_irn_roads),hotosm_irn_roads
data grid recipe - irn.yml,food_security_and_nutrition,(name:wfp-food-prices-for-iran-islamic-republic-of),wfp-food-prices-for-iran-islamic-republic-of
data grid recipe - irn.yml,geography_and_infrastructure,(name:administrative-boundaries-1-2),administrative-boundaries-1-2
data grid recipe - irn.yml,geography_and_infrastructure,(name:hotosm_irn_populated_places),hotosm_irn_populated_places
data grid recipe - irn.yml,geography_and_infrastructure,(name:wfp-geonode-iran-road-network-main-roads),wfp-geonode-iran-road-network-main-roads
data grid recipe - irn.yml,geography_and_infrastructure,(name:hotosm_irn_roads),hotosm_irn_roads
data grid recipe - irn.yml,geography_and_infrastructure,(name:ourairports-irn),ourairports-irn
data grid recipe - irn.yml,geography_and_infrastructure,(name:hotosm_irn_airports),hotosm_irn_airports
data grid recipe - irn.yml,health_and_education,(name:iran-healthsites),iran-healthsites
data grid recipe - irn.yml,health_and_education,(name:hotosm_irn_health_facilities),hotosm_irn_health_facilities
data grid recipe - irn.yml,health_and_education,(name:hotosm_irn_education_facilities),hotosm_irn_education_facilities
data grid recipe - irn.yml,socio-economic,(name:iran-census-population-results-from-dis-aggregated-by-gender-and-age),iran-census-population-results-from-dis-aggregated-by-gender-and-age
data grid recipe - irn.yml,socio-economic,(name:iran-census-population-results-from-dis-aggregated-by-gender-and-age),iran-census-population-results-from-dis-aggregated-by-gender-and-age
data grid recipe - irq.yml,affected_people,(name:iraq-idps-data-iom-dtm),iraq-idps-data-iom-dtm
data grid recipe - irq.yml,affected_people,(name:unhcr-population-data-for-irq),unhcr-population-data-for-irq
data grid recipe - irq.yml,affected_people,(name:iraq-returnee-data-iom-dtm),iraq-returnee-data-iom-dtm
data grid recipe - irq.yml,affected_people,(name:iraq-humanitarian-needs-overview),iraq-humanitarian-needs-overview
data grid recipe - irq.yml,coordination_context,(name:iraq-humanitarian-operational-presence-3w),iraq-humanitarian-operational-presence-3w
data grid recipe - irq.yml,coordination_context,(name:iati-irq),iati-irq
data grid recipe - irq.yml,coordination_context,(name:fts-requirements-and-funding-data-for-iraq),fts-requirements-and-funding-data-for-iraq
data grid recipe - irq.yml,coordination_context,(name:acled-data-for-iraq),acled-data-for-iraq
data grid recipe - irq.yml,coordination_context,(name:acled-database),acled-database
data grid recipe - irq.yml,coordination_context,(name:iraq-acled-conflict-data),iraq-acled-conflict-data
data grid recipe - irq.yml,coordination_context,(name:iraq-violence-against-civilians-and-vital-civilian-facilities),iraq-violence-against-civilians-and-vital-civilian-facilities
data grid recipe - irq.yml,food_security_and_nutrition,(name:food-security-malnutrition),food-security-malnutrition
data grid recipe - irq.yml,food_security_and_nutrition,(name:food-security-malnutrition),food-security-malnutrition
data grid recipe - irq.yml,food_security_and_nutrition,(name:wfp-food-prices-for-iraq),wfp-food-prices-for-iraq
data grid recipe - irq.yml,geography_and_infrastructure,(name:cod-ab-irq),cod-ab-irq
data grid recipe - irq.yml,geography_and_infrastructure,(name:iraq-populated-places-2021),iraq-populated-places-2021
data grid recipe - irq.yml,geography_and_infrastructure,(name:iraq-major-roads-network),iraq-major-roads-network
data grid recipe - irq.yml,geography_and_infrastructure,(name:ourairports-irq),ourairports-irq
data grid recipe - irq.yml,health_and_education,(name:iraq-healthsites),iraq-healthsites
data grid recipe - irq.yml,health_and_education,(name:iraq-humanitarian-priority-schools),iraq-humanitarian-priority-schools
data grid recipe - irq.yml,socio-economic,(name:iraq-population-2021-cso-projection),iraq-population-2021-cso-projection
data grid recipe - irq.yml,socio-economic,(name:iraq-mpi),iraq-mpi
data grid recipe - lby.yml,affected_people,(name:libya-baseline-assessment-data-iom-dtm),libya-baseline-assessment-data-iom-dtm
data grid recipe - lby.yml,affected_people,(name:unhcr-population-data-for-lby),unhcr-population-data-for-lby
data grid recipe - lby.yml,affected_people,(name:libya-baseline-assessment-data-iom-dtm),libya-baseline-assessment-data-iom-dtm
data grid recipe - lby.yml,affected_people,(name:libya-humanitarian-needs-overview),libya-humanitarian-needs-overview
data grid recipe - lby.yml,coordination_context,(name:libya-operational-presence),libya-operational-presence
data grid recipe - lby.yml,coordination_context,(name:iati-lby),iati-lby
data grid recipe - lby.yml,coordination_context,(name:fts-requirements-and-funding-data-for-libya),fts-requirements-and-funding-data-for-libya
data grid recipe - lby.yml,coordination_context,(name:libya-acled-conflict-data),libya-acled-conflict-data
data grid recipe - lby.yml,coordination_context,(name:libya-humanitarian-access),libya-humanitarian-access
data grid recipe - lby.yml,food_security_and_nutrition,(name:wfp-food-prices-for-libya),wfp-food-prices-for-libya
data grid recipe - lby.yml,geography_and_infrastructure,(name:cod-ab-lby),cod-ab-lby
data grid recipe - lby.yml,geography_and_infrastructure,(name:libya-populated-places),libya-populated-places
data grid recipe - lby.yml,geography_and_infrastructure,(name:hotosm_lby_roads),hotosm_lby_roads
data grid recipe - lby.yml,geography_and_infrastructure,(name:ourairports-lby),ourairports-lby
data grid recipe - lby.yml,health_and_education,(name:libya-health-facilities),libya-health-facilities
data grid recipe - lby.yml,health_and_education,(name:hotosm_lby_education_facilities),hotosm_lby_education_facilities
data grid recipe - lby.yml,socio-economic,(name:libya-total-population-by-mantika),libya-total-population-by-mantika
data grid recipe - lby.yml,socio-economic,(name:libya-mpi),libya-mpi
data grid recipe - mli.yml,affected_people,(name:mali-baseline-assessment-data-iom-dtm),mali-baseline-assessment-data-iom-dtm
data grid recipe - mli.yml,affected_people,(name:unhcr-population-data-for-mli),unhcr-population-data-for-mli
data grid recipe - mli.yml,affected_people,(name:mali-baseline-assessment-data-iom-dtm),mali-baseline-assessment-data-iom-dtm
data grid recipe - mli.yml,affected_people,(name:mli-jiaf-humanitarian-needs-pin-and-severity),mli-jiaf-humanitarian-needs-pin-and-severity
data grid recipe - mli.yml,coordination_context,(name:mali-operational-presence),mali-operational-presence
data grid recipe - mli.yml,coordination_context,(name:mli-requirements-and-funding-data),mli-requirements-and-funding-data
data grid recipe - mli.yml,coordination_context,(name:acled-data-for-mali),acled-data-for-mali
data grid recipe - mli.yml,coordination_context,(name:mali-acled-conflict-data),mali-acled-conflict-data
data grid recipe - mli.yml,coordination_context,(name:mali-contraintes-d-acces-humanitaire),mali-contraintes-d-acces-humanitaire
data grid recipe - mli.yml,food_security_nutrition_poverty,(name:cadre-harmonise),cadre-harmonise
data grid recipe - mli.yml,food_security_nutrition_poverty,(name:mali-malnutrition),mali-malnutrition
data grid recipe - mli.yml,food_security_nutrition_poverty,(name:wfp-food-prices-for-mali),wfp-food-prices-for-mali
data grid recipe - mli.yml,food_security_nutrition_poverty,(name:global-market-monitor),global-market-monitor
data grid recipe - mli.yml,geography_and_infrastructure,(name:cod-ab-mli),cod-ab-mli
data grid recipe - mli.yml,geography_and_infrastructure,(name:cod-ps-mli),cod-ps-mli
data grid recipe - mli.yml,geography_and_infrastructure,(name:hotosm_mli_populated_places),hotosm_mli_populated_places
data grid recipe - mli.yml,geography_and_infrastructure,(name:worldpop-population-counts-2015-2030-mli),worldpop-population-counts-2015-2030-mli
data grid recipe - mli.yml,geography_and_infrastructure,(name:hotosm_mali_roads),hotosm_mali_roads
data grid recipe - mli.yml,geography_and_infrastructure,(name:hotosm_mli_roads),hotosm_mli_roads
data grid recipe - mli.yml,health_and_education,(name:hotosm_mli_health_facilities),hotosm_mli_health_facilities
data grid recipe - mli.yml,health_and_education,(name:hotosm_mli_education_facilities),hotosm_mli_education_facilities
data grid recipe - mli.yml,climate,(name:mli-rainfall-subnational),mli-rainfall-subnational
data grid recipe - mli.yml,climate,(name:asap-hotspots-monthly),asap-hotspots-monthly
data grid recipe - mli.yml,climate,(name:mli-ndvi-subnational),mli-ndvi-subnational
data grid recipe - mli.yml,climate,(name:floodscan),floodscan
data grid recipe - mli.yml,climate,(name:mali-suivi-des-inondations),mali-suivi-des-inondations
data grid recipe - mmr.yml,affected_people,(name:unhcr-population-data-for-mmr),unhcr-population-data-for-mmr
data grid recipe - mmr.yml,affected_people,(name:mmr-jiaf-humanitarian-needs-pin-and-severity),mmr-jiaf-humanitarian-needs-pin-and-severity
data grid recipe - mmr.yml,coordination_context,(name:mmr-requirements-and-funding-data),mmr-requirements-and-funding-data
data grid recipe - mmr.yml,coordination_context,(name:myanmar-acled-conflict-data),myanmar-acled-conflict-data
data grid recipe - mmr.yml,food_security_nutrition_poverty,(name:wfp-food-prices-for-myanmar),wfp-food-prices-for-myanmar
data grid recipe - mmr.yml,food_security_nutrition_poverty,(name:global-market-monitor),global-market-monitor
data grid recipe - mmr.yml,geography_and_infrastructure,(name:cod-ab-mmr),cod-ab-mmr
data grid recipe - mmr.yml,geography_and_infrastructure,(name:cod-ps-mmr),cod-ps-mmr
data grid recipe - mmr.yml,geography_and_infrastructure,(name:hotosm_mmr_populated_places),hotosm_mmr_populated_places
data grid recipe - mmr.yml,geography_and_infrastructure,(name:worldpop-population-counts-2015-2030-mmr),worldpop-population-counts-2015-2030-mmr
data grid recipe - mmr.yml,geography_and_infrastructure,(name:hotosm_mmr_roads),hotosm_mmr_roads
data grid recipe - mmr.yml,health_and_education,(name:hotosm_mmr_health_facilities),hotosm_mmr_health_facilities
data grid recipe - mmr.yml,health_and_education,(name:hotosm_mmr_education_facilities),hotosm_mmr_education_facilities
data grid recipe - mmr.yml,climate,(name:mmr-rainfall-subnational),mmr-rainfall-subnational
data grid recipe - moz.yml,affected_people,(name:mozambique-displacement-data-baseline-assessment-northern-mozambique-crisis-iom-dtm),mozambique-displacement-data-baseline-assessment-northern-mozambique-crisis-iom-dtm
data grid recipe - moz.yml,affected_people,(name:unhcr-population-data-for-moz),unhcr-population-data-for-moz
data grid recipe - moz.yml,affected_people,(name:mozambique-displacement-data-baseline-assessment-northern-mozambique-crisis-iom-dtm),mozambique-displacement-data-baseline-assessment-northern-mozambique-crisis-iom-dtm
data grid recipe - moz.yml,affected_people,(name:mozambique-humanitarian-needs),mozambique-humanitarian-needs
data grid recipe - moz.yml,coordination_context,(name:mozambique-operational-presence),mozambique-operational-presence
data grid recipe - moz.yml,coordination_context,(name:moz-requirements-and-funding-data),moz-requirements-and-funding-data
data grid recipe - moz.yml,coordination_context,(name:acled-database),acled-database
data grid recipe - moz.yml,coordination_context,(name:mozambique-acled-conflict-data),mozambique-acled-conflict-data
data grid recipe - moz.yml,food_security_nutrition_poverty,(name:mozambique-acute-food-insecurity-country-data),mozambique-acute-food-insecurity-country-data
data grid recipe - moz.yml,food_security_nutrition_poverty,(name:mozambique-acute-malnutrtion-by-admin2),mozambique-acute-malnutrtion-by-admin2
data grid recipe - moz.yml,food_security_nutrition_poverty,(name:wfp-food-prices-for-mozambique),wfp-food-prices-for-mozambique
data grid recipe - moz.yml,food_security_nutrition_poverty,(name:global-market-monitor),global-market-monitor
data grid recipe - moz.yml,food_security_nutrition_poverty,(name:mozambique-mpi),mozambique-mpi
data grid recipe - moz.yml,geography_and_infrastructure,(name:cod-ab-moz),cod-ab-moz
data grid recipe - moz.yml,geography_and_infrastructure,(name:cod-ps-moz),cod-ps-moz
data grid recipe - moz.yml,geography_and_infrastructure,(name:hotosm_moz_populated_places),hotosm_moz_populated_places
data grid recipe - moz.yml,geography_and_infrastructure,(name:worldpop-population-counts-2015-2030-moz),worldpop-population-counts-2015-2030-moz
data grid recipe - moz.yml,geography_and_infrastructure,(name:hotosm_moz_roads),hotosm_moz_roads
data grid recipe - moz.yml,health_and_education,(name:health-cluster-mozambique),health-cluster-mozambique
data grid recipe - moz.yml,health_and_education,(name:hotosm_moz_education_facilities),hotosm_moz_education_facilities
data grid recipe - moz.yml,climate,(name:moz-rainfall-subnational),moz-rainfall-subnational
data grid recipe - moz.yml,climate,(name:asap-hotspots-monthly),asap-hotspots-monthly
data grid recipe - moz.yml,climate,(name:moz-ndvi-subnational),moz-ndvi-subnational
data grid recipe - moz.yml,climate,(name:floodscan),floodscan
data grid recipe - moz.yml,climate,(name:impact-of-cyclones),impact-of-cyclones
data grid recipe - ner.yml,affected_people,(name:niger-population-movement),niger-population-movement
data grid recipe - ner.yml,affected_people,(name:refugees-by-admin-2-in-niger),refugees-by-admin-2-in-niger
data grid recipe - ner.yml,affected_people,(name:niger-displacement-data-baseline-assessment-iom-dtm),niger-displacement-data-baseline-assessment-iom-dtm
data grid recipe - ner.yml,affected_people,(name:niger-humanitarian-needs),niger-humanitarian-needs
data grid recipe - ner.yml,coordination_context,(name:niger-operational-presence),niger-operational-presence
data grid recipe - ner.yml,coordination_context,(name:ner-requirements-and-funding-data),ner-requirements-and-funding-data
data grid recipe - ner.yml,coordination_context,(name:niger-acled-conflict-data),niger-acled-conflict-data
data grid recipe - ner.yml,food_security_nutrition_poverty,(name:cadre-harmonise),cadre-harmonise
data grid recipe - ner.yml,food_security_nutrition_poverty,(name:niger-nouvelles-admissions-malnutrition),niger-nouvelles-admissions-malnutrition
data grid recipe - ner.yml,food_security_nutrition_poverty,(name:wfp-food-prices-for-niger),wfp-food-prices-for-niger
data grid recipe - ner.yml,food_security_nutrition_poverty,(name:global-market-monitor),global-market-monitor
data grid recipe - ner.yml,geography_and_infrastructure,(name:cod-ab-ner),cod-ab-ner
data grid recipe - ner.yml,geography_and_infrastructure,(name:cod-ps-ner),cod-ps-ner
data grid recipe - ner.yml,geography_and_infrastructure,(name:hotosm_ner_populated_places),hotosm_ner_populated_places
data grid recipe - ner.yml,geography_and_infrastructure,(name:worldpop-population-counts-2015-2030-ner),worldpop-population-counts-2015-2030-ner
data grid recipe - ner.yml,geography_and_infrastructure,(name:hotosm_ner_roads),hotosm_ner_roads
data grid recipe - ner.yml,health_and_education,(name:hotosm_ner_health_facilities),hotosm_ner_health_facilities
data grid recipe - ner.yml,health_and_education,(name:hotosm_ner_education_facilities),hotosm_ner_education_facilities
data grid recipe - ner.yml,climate,(name:ner-rainfall-subnational),ner-rainfall-subnational
data grid recipe - ner.yml,climate,(name:asap-hotspots-monthly),asap-hotspots-monthly
data grid recipe - ner.yml,climate,(name:ner-ndvi-subnational),ner-ndvi-subnational
data grid recipe - ner.yml,climate,(name:floodscan),floodscan
data grid recipe - ner.yml,climate,(name:niger-situation-des-inondations),niger-situation-des-inondations
data grid recipe - nga.yml,affected_people,(name:nigeria-site-assessment-data),nigeria-site-assessment-data
data grid recipe - nga.yml,affected_people,(name:unhcr-population-data-for-nga),unhcr-population-data-for-nga
data grid recipe - nga.yml,affected_people,(name:nigeria-site-assessment-data),nigeria-site-assessment-data
data grid recipe - nga.yml,affected_people,(name:nigeria-humanitarian-needs),nigeria-humanitarian-needs
data grid recipe - nga.yml,coordination_context,(name:nigeria-3w),nigeria-3w
data grid recipe - nga.yml,coordination_context,(name:nga-requirements-and-funding-data),nga-requirements-and-funding-data
data grid recipe - nga.yml,coordination_context,(name:nigeria-acled-conflict-data),nigeria-acled-conflict-data
data grid recipe - nga.yml,coordination_context,(name:nigeria-access-severity),nigeria-access-severity
data grid recipe - nga.yml,food_security_nutrition_poverty,(name:cadre-harmonise),cadre-harmonise
data grid recipe - nga.yml,food_security_nutrition_poverty,(name:nigeria-acute-malnutrition-data),nigeria-acute-malnutrition-data
data grid recipe - nga.yml,food_security_nutrition_poverty,(name:wfp-food-prices-for-nigeria),wfp-food-prices-for-nigeria
data grid recipe - nga.yml,food_security_nutrition_poverty,(name:global-market-monitor),global-market-monitor
data grid recipe - nga.yml,food_security_nutrition_poverty,(name:nigeria-mpi),nigeria-mpi
data grid recipe - nga.yml,geography_and_infrastructure,(name:cod-ab-nga),cod-ab-nga
data grid recipe - nga.yml,geography_and_infrastructure,(name:cod-ps-nga),cod-ps-nga
data grid recipe - nga.yml,geography_and_infrastructure,(name:hotosm_nga_populated_places),hotosm_nga_populated_places
data grid recipe - nga.yml,geography_and_infrastructure,(name:worldpop-population-counts-2015-2030-nga),worldpop-population-counts-2015-2030-nga
data grid recipe - nga.yml,geography_and_infrastructure,(name:hotosm_nga_roads),hotosm_nga_roads
data grid recipe - nga.yml,health_and_education,(name:hotosm_nga_health_facilities),hotosm_nga_health_facilities
data grid recipe - nga.yml,health_and_education,(name:hotosm_nga_education_facilities),hotosm_nga_education_facilities
data grid recipe - nga.yml,climate,(name:nga-rainfall-subnational),nga-rainfall-subnational
data grid recipe - nga.yml,climate,(name:floodscan),floodscan
data grid recipe - nga.yml,climate,(name:nigeria-nema-flood-affected-geographical-areasnorth-east-nigeria-flood-affected-geographical-areas),nigeria-nema-flood-affected-geographical-areasnorth-east-nigeria-flood-affected-geographical-areas
data grid recipe - pak.yml,affected_people,(name:pakistan-idps-data),pakistan-idps-data
data grid recipe - pak.yml,affected_people,(name:afghan-refugees-in-pakistan),afghan-refugees-in-pakistan
data grid recipe - pak.yml,affected_people,(name:pakistan-returnees),pakistan-returnees
data grid recipe - pak.yml,affected_people,(name:pakistan-humanitarian-needs-overview),pakistan-humanitarian-needs-overview
data grid recipe - pak.yml,coordination_context,(name:who-is-doing-what-where-and-when),who-is-doing-what-where-and-when
data grid recipe - pak.yml,coordination_context,(name:iati-pak),iati-pak
data grid recipe - pak.yml,coordination_context,(name:fts-requirements-and-funding-data-for-pakistan),fts-requirements-and-funding-data-for-pakistan
data grid recipe - pak.yml,coordination_context,(name:pakistan-acled-conflict-data),pakistan-acled-conflict-data
data grid recipe - pak.yml,coordination_context,(name:pakistan-violence-against-civilians-and-vital-civilian-facilities),pakistan-violence-against-civilians-and-vital-civilian-facilities
data grid recipe - pak.yml,food_security_and_nutrition,(name:pakistan-acute-food-insecurity-country-data),pakistan-acute-food-insecurity-country-data
data grid recipe - pak.yml,food_security_and_nutrition,(name:pakistan-national-nutrition-survey),pakistan-national-nutrition-survey
data grid recipe - pak.yml,food_security_and_nutrition,(name:wfp-food-prices-for-pakistan),wfp-food-prices-for-pakistan
data grid recipe - pak.yml,geography_and_infrastructure,(name:cod-ab-pak),cod-ab-pak
data grid recipe - pak.yml,geography_and_infrastructure,(name:pakistan-settlement),pakistan-settlement
data grid recipe - pak.yml,geography_and_infrastructure,(name:hotosm_pak_roads),hotosm_pak_roads
data grid recipe - pak.yml,geography_and_infrastructure,(name:ourairports-pak),ourairports-pak
data grid recipe - pak.yml,health_and_education,(name:health-facilities-in-khyber-pakhtunkhwa-tribal-districts),health-facilities-in-khyber-pakhtunkhwa-tribal-districts
data grid recipe - pak.yml,health_and_education,(name:hotosm_pak_education_facilities),hotosm_pak_education_facilities
data grid recipe - pak.yml,socio-economic,(name:cod-ps-pak),cod-ps-pak
data grid recipe - pak.yml,socio-economic,(name:pakistan-mpi),pakistan-mpi
data grid recipe - phl.yml,affected_people,(name:philippines-displacement-data-mindanao-earthquake-site-assessment-iom-dtm),philippines-displacement-data-mindanao-earthquake-site-assessment-iom-dtm
data grid recipe - phl.yml,affected_people,(name:marawi-conflict-idp-and-returned-figures-by-month-and-region),marawi-conflict-idp-and-returned-figures-by-month-and-region
data grid recipe - phl.yml,affected_people,(name:philippines-displacement-data-mindanao-earthquake-site-assessment-iom-dtm),philippines-displacement-data-mindanao-earthquake-site-assessment-iom-dtm
data grid recipe - phl.yml,affected_people,(name:acled-data-for-philippines),acled-data-for-philippines
data grid recipe - phl.yml,coordination_context,(name:philippines-covid-19-response-who-does-what-where),philippines-covid-19-response-who-does-what-where
data grid recipe - phl.yml,coordination_context,(name:fts-requirements-and-funding-data-for-philippines),fts-requirements-and-funding-data-for-philippines
data grid recipe - phl.yml,coordination_context,(name:philippines-key-figures-on-the-severely-affected),philippines-key-figures-on-the-severely-affected
data grid recipe - phl.yml,coordination_context,(name:philippines-2019-natural-disaster-events-data),philippines-2019-natural-disaster-events-data
data grid recipe - phl.yml,coordination_context,(name:philippines-geohazards-data),philippines-geohazards-data
data grid recipe - phl.yml,coordination_context,(name:wfp-geonode-philippines-road-network-main-roads),wfp-geonode-philippines-road-network-main-roads
data grid recipe - phl.yml,coordination_context,(name:philippines-key-figures-on-the-severely-affected),philippines-key-figures-on-the-severely-affected
data grid recipe - phl.yml,food_security_and_nutrition,(name:philippines-chronic-food-insecurity),philippines-chronic-food-insecurity
data grid recipe - phl.yml,food_security_and_nutrition,(name:wfp-food-prices-for-philippines),wfp-food-prices-for-philippines
data grid recipe - phl.yml,geography_and_infrastructure,(name:philippines-administrative-levels-0-to-3),philippines-administrative-levels-0-to-3
data grid recipe - phl.yml,geography_and_infrastructure,(name:hotosm_phl_north_populated_places),hotosm_phl_north_populated_places
data grid recipe - phl.yml,geography_and_infrastructure,(name:hotosm_phl_south_populated_places),hotosm_phl_south_populated_places
data grid recipe - phl.yml,geography_and_infrastructure,(name:hotosm_phl_south_roads),hotosm_phl_south_roads
data grid recipe - phl.yml,geography_and_infrastructure,(name:hotosm_phl_north_roads),hotosm_phl_north_roads
data grid recipe - phl.yml,geography_and_infrastructure,(name:philippines-airport-locations),philippines-airport-locations
data grid recipe - phl.yml,health_and_education,(name:philippines-pre-disaster-indicators),philippines-pre-disaster-indicators
data grid recipe - phl.yml,health_and_education,(name:philippines-education-0-0),philippines-education-0-0
data grid recipe - phl.yml,health_and_education,(name:hotosm_phl_south_education_facilities),hotosm_phl_south_education_facilities
data grid recipe - phl.yml,health_and_education,(name:hotosm_phl_north_education_facilities),hotosm_phl_north_education_facilities
data grid recipe - phl.yml,health_and_education,(name:philippines-key-figures-on-the-severely-affected),philippines-key-figures-on-the-severely-affected
data grid recipe - phl.yml,socio-economic,(name:philippines-population-projections-by-province-level),philippines-population-projections-by-province-level
data grid recipe - phl.yml,socio-economic,(name:philippines-population-projections-by-province-level),philippines-population-projections-by-province-level
data grid recipe - phl.yml,socio-economic,(name:philippines-poverty-statistics),philippines-poverty-statistics
data grid recipe - pse.yml,affected_people,(name:state-of-palestine-idp-s),state-of-palestine-idp-s
data grid recipe - pse.yml,affected_people,(name:unhcr-population-data-for-pse),unhcr-population-data-for-pse
data grid recipe - pse.yml,affected_people,(name:opt-humanitarian-needs),opt-humanitarian-needs
data grid recipe - pse.yml,coordination_context,(name:pse-requirements-and-funding-data),pse-requirements-and-funding-data
data grid recipe - pse.yml,coordination_context,(name:palestine-acled-conflict-data),palestine-acled-conflict-data
data grid recipe - pse.yml,coordination_context,(name:state-of-palestine-humanitarian-access),state-of-palestine-humanitarian-access
data grid recipe - pse.yml,food_security_nutrition_poverty,(name:state-of-palestine-acute-food-insecurity-country-data),state-of-palestine-acute-food-insecurity-country-data
data grid recipe - pse.yml,food_security_nutrition_poverty,(name:state-of-palestine-malnutrition),state-of-palestine-malnutrition
data grid recipe - pse.yml,food_security_nutrition_poverty,(name:state-of-palestine-price-of-basic-commodities-in-gaza),state-of-palestine-price-of-basic-commodities-in-gaza
data grid recipe - pse.yml,food_security_nutrition_poverty,(name:wfp-food-prices-for-state-of-palestine),wfp-food-prices-for-state-of-palestine
data grid recipe - pse.yml,food_security_nutrition_poverty,(name:global-market-monitor),global-market-monitor
data grid recipe - pse.yml,food_security_nutrition_poverty,(name:state-of-palestine-mpi),state-of-palestine-mpi
data grid recipe - pse.yml,geography_and_infrastructure,(name:cod-ab-pse),cod-ab-pse
data grid recipe - pse.yml,geography_and_infrastructure,(name:cod-ps-pse),cod-ps-pse
data grid recipe - pse.yml,geography_and_infrastructure,(name:hotosm_pse_populated_places),hotosm_pse_populated_places
data grid recipe - pse.yml,geography_and_infrastructure,(name:worldpop-population-counts-2015-2030-pse),worldpop-population-counts-2015-2030-pse
data grid recipe - pse.yml,geography_and_infrastructure,(name:hotosm_pse_roads),hotosm_pse_roads
data grid recipe - pse.yml,health_and_education,(name:hotosm_pse_health_facilities),hotosm_pse_health_facilities
data grid recipe - pse.yml,health_and_education,(name:hotosm_pse_education_facilities),hotosm_pse_education_facilities
data grid recipe - pse.yml,health_and_education,(name:state-of-palestine-israeli-occupation-violations-against-education),state-of-palestine-israeli-occupation-violations-against-education
data grid recipe - sdn.yml,affected_people,(name:sudan-displacement-situation-countrywide-idps-iom-dtm),sudan-displacement-situation-countrywide-idps-iom-dtm
data grid recipe - sdn.yml,affected_people,(name:unhcr-population-data-for-sdn),unhcr-population-data-for-sdn
data grid recipe - sdn.yml,affected_people,(name:sdn-jiaf-humanitarian-needs-pin-and-severity),sdn-jiaf-humanitarian-needs-pin-and-severity
data grid recipe - sdn.yml,coordination_context,(name:sudan-operational-presence),sudan-operational-presence
data grid recipe - sdn.yml,coordination_context,(name:sdn-requirements-and-funding-data),sdn-requirements-and-funding-data
data grid recipe - sdn.yml,coordination_context,(name:sudan-acled-conflict-data),sudan-acled-conflict-data
data grid recipe - sdn.yml,food_security_nutrition_poverty,(name:sudan-acute-food-insecurity-country-data),sudan-acute-food-insecurity-country-data
data grid recipe - sdn.yml,food_security_nutrition_poverty,(name:gam-mam-and-sam-based-on-muac-measurements),gam-mam-and-sam-based-on-muac-measurements
data grid recipe - sdn.yml,food_security_nutrition_poverty,(name:wfp-food-prices-for-sudan),wfp-food-prices-for-sudan
data grid recipe - sdn.yml,food_security_nutrition_poverty,(name:global-market-monitor),global-market-monitor
data grid recipe - sdn.yml,geography_and_infrastructure,(name:cod-ab-sdn),cod-ab-sdn
data grid recipe - sdn.yml,geography_and_infrastructure,(name:cod-ps-sdn),cod-ps-sdn
data grid recipe - sdn.yml,geography_and_infrastructure,(name:hotosm_sdn_populated_places),hotosm_sdn_populated_places
data grid recipe - sdn.yml,geography_and_infrastructure,(name:worldpop-population-counts-2015-2021-sdn),worldpop-population-counts-2015-2021-sdn
data grid recipe - sdn.yml,geography_and_infrastructure,(name:hotosm_sdn_roads),hotosm_sdn_roads
data grid recipe - sdn.yml,health_and_education,(name:hotosm_sdn_health_facilities),hotosm_sdn_health_facilities
data grid recipe - sdn.yml,health_and_education,(name:hotosm_sdn_education_facilities),hotosm_sdn_education_facilities
data grid recipe - sdn.yml,climate,(name:sdn-rainfall-subnational),sdn-rainfall-subnational
data grid recipe - sdn.yml,climate,(name:floodscan),floodscan
data grid recipe - sdn.yml,climate,(name:sudan-people-affected-by-floods),sudan-people-affected-by-floods
data grid recipe - som.yml,affected_people,(name:somalia-displacement-idps-returnees-baseline-assessment-iom-dtm),somalia-displacement-idps-returnees-baseline-assessment-iom-dtm
data grid recipe - som.yml,affected_people,(name:unhcr-population-data-for-som),unhcr-population-data-for-som
data grid recipe - som.yml,affected_people,(name:somalia-displacement-idps-returnees-baseline-assessment-iom-dtm),somalia-displacement-idps-returnees-baseline-assessment-iom-dtm
data grid recipe - som.yml,affected_people,(name:somalia-humanitarian-needs),somalia-humanitarian-needs
data grid recipe - som.yml,coordination_context,(name:somalia-operational-presence),somalia-operational-presence
data grid recipe - som.yml,coordination_context,(name:som-requirements-and-funding-data),som-requirements-and-funding-data
data grid recipe - som.yml,coordination_context,(name:somalia-acled-conflict-data),somalia-acled-conflict-data
data grid recipe - som.yml,food_security_nutrition_poverty,(name:somalia-acute-food-insecurity-country-data),somalia-acute-food-insecurity-country-data
data grid recipe - som.yml,food_security_nutrition_poverty,(name:somalia-acute-malnutrition-analysis),somalia-acute-malnutrition-analysis
data grid recipe - som.yml,food_security_nutrition_poverty,(name:wfp-food-prices-for-somalia),wfp-food-prices-for-somalia
data grid recipe - som.yml,food_security_nutrition_poverty,(name:global-market-monitor),global-market-monitor
data grid recipe - som.yml,food_security_nutrition_poverty,(name:somalia-poverty-rate),somalia-poverty-rate
data grid recipe - som.yml,geography_and_infrastructure,(name:cod-ab-som),cod-ab-som
data grid recipe - som.yml,geography_and_infrastructure,(name:cod-ps-som),cod-ps-som
data grid recipe - som.yml,geography_and_infrastructure,(name:hotosm_som_populated_places),hotosm_som_populated_places
data grid recipe - som.yml,geography_and_infrastructure,(name:worldpop-population-counts-2015-2030-som),worldpop-population-counts-2015-2030-som
data grid recipe - som.yml,geography_and_infrastructure,(name:hotosm_som_roads),hotosm_som_roads
data grid recipe - som.yml,health_and_education,(name:hotosm_som_health_facilities),hotosm_som_health_facilities
data grid recipe - som.yml,health_and_education,(name:hotosm_som_education_facilities),hotosm_som_education_facilities
data grid recipe - som.yml,climate,(name:som-rainfall-subnational),som-rainfall-subnational
data grid recipe - som.yml,climate,(name:asap-hotspots-monthly),asap-hotspots-monthly
data grid recipe - som.yml,climate,(name:som-ndvi-subnational),som-ndvi-subnational
data grid recipe - som.yml,climate,(name:floodscan),floodscan
data grid recipe - som.yml,climate,(name:somalia-floods),somalia-floods
data grid recipe - ssd.yml,affected_people,(name:south-sudan-displacement-data-idps-returnees-baseline-assessment-iom-dtm),south-sudan-displacement-data-idps-returnees-baseline-assessment-iom-dtm
data grid recipe - ssd.yml,affected_people,(name:unhcr-population-data-for-ssd),unhcr-population-data-for-ssd
data grid recipe - ssd.yml,affected_people,(name:south-sudan-displacement-data-idps-returnees-baseline-assessment-iom-dtm),south-sudan-displacement-data-idps-returnees-baseline-assessment-iom-dtm
data grid recipe - ssd.yml,affected_people,(name:south-sudan-humanitarian-needs),south-sudan-humanitarian-needs
data grid recipe - ssd.yml,coordination_context,(name:south-sudan-operational-presence),south-sudan-operational-presence
data grid recipe - ssd.yml,coordination_context,(name:ssd-requirements-and-funding-data),ssd-requirements-and-funding-data
data grid recipe - ssd.yml,coordination_context,(name:south-sudan-acled-conflict-data),south-sudan-acled-conflict-data
data grid recipe - ssd.yml,coordination_context,(name:south-sudan-access-incidents-jan-dec_2024),south-sudan-access-incidents-jan-dec_2024
data grid recipe - ssd.yml,food_security_nutrition_poverty,(name:south-sudan-acute-food-insecurity-country-data),south-sudan-acute-food-insecurity-country-data
data grid recipe - ssd.yml,food_security_nutrition_poverty,(name:south-sudan-acute-malnutrition),south-sudan-acute-malnutrition
data grid recipe - ssd.yml,food_security_nutrition_poverty,(name:wfp-food-prices-for-south-sudan),wfp-food-prices-for-south-sudan
data grid recipe - ssd.yml,food_security_nutrition_poverty,(name:global-market-monitor),global-market-monitor
data grid recipe - ssd.yml,geography_and_infrastructure,(name:cod-ab-ssd),cod-ab-ssd
data grid recipe - ssd.yml,geography_and_infrastructure,(name:cod-ps-ssd),cod-ps-ssd
data grid recipe - ssd.yml,geography_and_infrastructure,(name:hotosm_ssd_populated_places),hotosm_ssd_populated_places
data grid recipe - ssd.yml,geography_and_infrastructure,(name:worldpop-population-counts-2015-2030-ssd),worldpop-population-counts-2015-2030-ssd
data grid recipe - ssd.yml,geography_and_infrastructure,(name:hotosm_ssd_roads),hotosm_ssd_roads
data grid recipe - ssd.yml,health_and_education,(name:south-sudan-health-facilities),south-sudan-health-facilities
data grid recipe - ssd.yml,health_and_education,(name:hotosm_ssd_education_facilities),hotosm_ssd_education_facilities
data grid recipe - ssd.yml,climate,(name:ssd-rainfall-subnational),ssd-rainfall-subnational
data grid recipe - ssd.yml,climate,(name:asap-hotspots-monthly),asap-hotspots-monthly
data grid recipe - ssd.yml,climate,(name:ssd-ndvi-subnational),ssd-ndvi-subnational
data grid recipe - ssd.yml,climate,(name:floodscan),floodscan
data grid recipe - ssd.yml,climate,(name:south-sudan-flood-data),south-sudan-flood-data
data grid recipe - syr.yml,affected_people,(name:syrian-arab-republic-displacement-data-iom-dtm),syrian-arab-republic-displacement-data-iom-dtm
data grid recipe - syr.yml,affected_people,(name:unhcr-population-data-for-syr),unhcr-population-data-for-syr
data grid recipe - syr.yml,affected_people,(name:syrian-arab-republic-displacement-data-iom-dtm),syrian-arab-republic-displacement-data-iom-dtm
data grid recipe - syr.yml,affected_people,(name:syr-jiaf-humanitarian-needs-pin-and-severity),syr-jiaf-humanitarian-needs-pin-and-severity
data grid recipe - syr.yml,coordination_context,(name:syrian-arab-republic-who-does-what-where-3w),syrian-arab-republic-who-does-what-where-3w
data grid recipe - syr.yml,coordination_context,(name:syr-requirements-and-funding-data),syr-requirements-and-funding-data
data grid recipe - syr.yml,coordination_context,(name:syria-acled-conflict-data),syria-acled-conflict-data
data grid recipe - syr.yml,coordination_context,(name:syria-humanitarian-access-severity),syria-humanitarian-access-severity
data grid recipe - syr.yml,food_security_nutrition_poverty,(name:syrian-arab-republic-food-security-agriculture-severity-classification),syrian-arab-republic-food-security-agriculture-severity-classification
data grid recipe - syr.yml,food_security_nutrition_poverty,(name:wfp-food-prices-for-syrian-arab-republic),wfp-food-prices-for-syrian-arab-republic
data grid recipe - syr.yml,food_security_nutrition_poverty,(name:global-market-monitor),global-market-monitor
data grid recipe - syr.yml,geography_and_infrastructure,(name:cod-ab-syr),cod-ab-syr
data grid recipe - syr.yml,geography_and_infrastructure,(name:syrian-arab-republic-baseline-population),syrian-arab-republic-baseline-population
data grid recipe - syr.yml,geography_and_infrastructure,(name:hotosm_syr_populated_places),hotosm_syr_populated_places
data grid recipe - syr.yml,geography_and_infrastructure,(name:worldpop-population-counts-2015-2030-syr),worldpop-population-counts-2015-2030-syr
data grid recipe - syr.yml,geography_and_infrastructure,(name:hotosm_syr_roads),hotosm_syr_roads
data grid recipe - syr.yml,health_and_education,(name:hotosm_syr_health_facilities),hotosm_syr_health_facilities
data grid recipe - syr.yml,health_and_education,(name:women-and-family-healthcare-services-in-northwest-syria),women-and-family-healthcare-services-in-northwest-syria
data grid recipe - syr.yml,health_and_education,(name:hotosm_syr_education_facilities),hotosm_syr_education_facilities
data grid recipe - syr.yml,climate,(name:syr-rainfall-subnational),syr-rainfall-subnational
data grid recipe - syr.yml,climate,(name:asap-hotspots-monthly),asap-hotspots-monthly
data grid recipe - syr.yml,climate,(name:syr-ndvi-subnational),syr-ndvi-subnational
data grid recipe - tcd.yml,affected_people,(name:chad-site-village-assessment-lac-province-data-iom-dtm),chad-site-village-assessment-lac-province-data-iom-dtm
data grid recipe - tcd.yml,affected_people,(name:unhcr-population-data-for-tcd),unhcr-population-data-for-tcd
data grid recipe - tcd.yml,affected_people,(name:population-au-tchad-et-total-idps-retournes-refugies-sadd),population-au-tchad-et-total-idps-retournes-refugies-sadd
data grid recipe - tcd.yml,affected_people,(name:tcd-jiaf-humanitarian-needs-pin-and-severity),tcd-jiaf-humanitarian-needs-pin-and-severity
data grid recipe - tcd.yml,coordination_context,(name:chad-operational-presence),chad-operational-presence
data grid recipe - tcd.yml,coordination_context,(name:tcd-requirements-and-funding-data),tcd-requirements-and-funding-data
data grid recipe - tcd.yml,coordination_context,(name:chad-acled-conflict-data),chad-acled-conflict-data
data grid recipe - tcd.yml,food_security_nutrition_poverty,(name:cadre-harmonise),cadre-harmonise
data grid recipe - tcd.yml,food_security_nutrition_poverty,(name:chad-nutrition-smart-survey),chad-nutrition-smart-survey
data grid recipe - tcd.yml,food_security_nutrition_poverty,(name:global-market-monitor),global-market-monitor
data grid recipe - tcd.yml,food_security_nutrition_poverty,(name:wfp-food-prices-for-chad),wfp-food-prices-for-chad
data grid recipe - tcd.yml,food_security_nutrition_poverty,(name:chad-mpi),chad-mpi
data grid recipe - tcd.yml,geography_and_infrastructure,(name:cod-ab-tcd),cod-ab-tcd
data grid recipe - tcd.yml,geography_and_infrastructure,(name:cod-ps-tcd),cod-ps-tcd
data grid recipe - tcd.yml,geography_and_infrastructure,(name:hotosm_tcd_populated_places),hotosm_tcd_populated_places
data grid recipe - tcd.yml,geography_and_infrastructure,(name:worldpop-population-counts-2015-2030-tcd),worldpop-population-counts-2015-2030-tcd
data grid recipe - tcd.yml,geography_and_infrastructure,(name:hotosm_tcd_roads),hotosm_tcd_roads
data grid recipe - tcd.yml,health_and_education,(name:hotosm_tcd_health_facilities),hotosm_tcd_health_facilities
data grid recipe - tcd.yml,health_and_education,(name:hotosm_tcd_education_facilities),hotosm_tcd_education_facilities
data grid recipe - tcd.yml,climate,(name:tcd-rainfall-subnational),tcd-rainfall-subnational
data grid recipe - tcd.yml,climate,(name:asap-hotspots-monthly),asap-hotspots-monthly
data grid recipe - tcd.yml,climate,(name:tcd-ndvi-subnational),tcd-ndvi-subnational
data grid recipe - tcd.yml,climate,(name:floodscan),floodscan
data grid recipe - tcd.yml,climate,(name:tchad-suivi-des-inondations),tchad-suivi-des-inondations
data grid recipe - ukr.yml,affected_people,(name:ukraine-displacement-data-baseline-assessment-raion-level-iom-dtm),ukraine-displacement-data-baseline-assessment-raion-level-iom-dtm
data grid recipe - ukr.yml,affected_people,(name:unhcr-population-data-for-ukr),unhcr-population-data-for-ukr
data grid recipe - ukr.yml,affected_people,(name:ukraine-displacement-data-returnees-iom-dtm),ukraine-displacement-data-returnees-iom-dtm
data grid recipe - ukr.yml,affected_people,(name:ukraine-humanitarian-needs),ukraine-humanitarian-needs
data grid recipe - ukr.yml,coordination_context,(name:ukraine-who-does-what-where-3w),ukraine-who-does-what-where-3w
data grid recipe - ukr.yml,coordination_context,(name:ukr-requirements-and-funding-data),ukr-requirements-and-funding-data
data grid recipe - ukr.yml,coordination_context,(name:ukraine-acled-conflict-data),ukraine-acled-conflict-data
data grid recipe - ukr.yml,coordination_context,(name:ukraine-border-crossings),ukraine-border-crossings
data grid recipe - ukr.yml,food_security_nutrition_poverty,(name:wfp-food-prices-for-ukraine),wfp-food-prices-for-ukraine
data grid recipe - ukr.yml,food_security_nutrition_poverty,(name:global-market-monitor),global-market-monitor
data grid recipe - ukr.yml,geography_and_infrastructure,(name:cod-ab-ukr),cod-ab-ukr
data grid recipe - ukr.yml,geography_and_infrastructure,(name:cod-ps-ukr),cod-ps-ukr
data grid recipe - ukr.yml,geography_and_infrastructure,(name:ukraine-populated-places),ukraine-populated-places
data grid recipe - ukr.yml,geography_and_infrastructure,(name:worldpop-population-counts-2015-2030-ukr),worldpop-population-counts-2015-2030-ukr
data grid recipe - ukr.yml,geography_and_infrastructure,(name:hotosm_ukr_roads),hotosm_ukr_roads
data grid recipe - ukr.yml,climate,(name:ukr-rainfall-subnational),ukr-rainfall-subnational
data grid recipe - ven.yml,affected_people,(name:unhcr-population-data-for-ven),unhcr-population-data-for-ven
data grid recipe - ven.yml,affected_people,(name:ven-jiaf-humanitarian-needs-pin-and-severity),ven-jiaf-humanitarian-needs-pin-and-severity
data grid recipe - ven.yml,coordination_context,(name:venezuela-who-does-what-and-where-3w),venezuela-who-does-what-and-where-3w
data grid recipe - ven.yml,coordination_context,(name:ven-requirements-and-funding-data),ven-requirements-and-funding-data
data grid recipe - ven.yml,coordination_context,(name:venezuela-acled-conflict-data),venezuela-acled-conflict-data
data grid recipe - ven.yml,food_security_nutrition_poverty,(name:wfp-food-prices-for-venezuela-bolivarian-republic-of),wfp-food-prices-for-venezuela-bolivarian-republic-of
data grid recipe - ven.yml,food_security_nutrition_poverty,(name:percentage-of-households-in-poverty-and-extreme-poverty-in-venezuela-from-2002-to-2021),percentage-of-households-in-poverty-and-extreme-poverty-in-venezuela-from-2002-to-2021
data grid recipe - ven.yml,geography_and_infrastructure,(name:cod-ab-ven),cod-ab-ven
data grid recipe - ven.yml,geography_and_infrastructure,(name:cod-ps-ven),cod-ps-ven
data grid recipe - ven.yml,geography_and_infrastructure,(name:hotosm_ven_populated_places),hotosm_ven_populated_places
data grid recipe - ven.yml,geography_and_infrastructure,(name:worldpop-population-counts-2015-2025-ven),worldpop-population-counts-2015-2025-ven
data grid recipe - ven.yml,geography_and_infrastructure,(name:hotosm_ven_roads),hotosm_ven_roads
data grid recipe - ven.yml,health_and_education,(name:hotosm_ven_health_facilities),hotosm_ven_health_facilities
data grid recipe - ven.yml,health_and_education,(name:hotosm_ven_education_facilities),hotosm_ven_education_facilities
data grid recipe - ven.yml,climate,(name:ven-rainfall-subnational),ven-rainfall-subnational
data grid recipe - yem.yml,affected_people,(name:yemen-displacement-daily-tracking-idps-returnees-iom-dtm),yemen-displacement-daily-tracking-idps-returnees-iom-dtm
data grid recipe - yem.yml,affected_people,(name:unhcr-population-data-for-yem),unhcr-population-data-for-yem
data grid recipe - yem.yml,affected_people,(name:yemen-displacement-daily-tracking-idps-returnees-iom-dtm),yemen-displacement-daily-tracking-idps-returnees-iom-dtm
data grid recipe - yem.yml,affected_people,(name:yemen-humanitarian-needs),yemen-humanitarian-needs
data grid recipe - yem.yml,coordination_context,(name:yemen-monthly-organizations-presence-3w),yemen-monthly-organizations-presence-3w
data grid recipe - yem.yml,coordination_context,(name:yem-requirements-and-funding-data),yem-requirements-and-funding-data
data grid recipe - yem.yml,coordination_context,(name:yemen-acled-conflict-data),yemen-acled-conflict-data
data grid recipe - yem.yml,coordination_context,(name:yemen-humanitarian-access),yemen-humanitarian-access
data grid recipe - yem.yml,food_security_nutrition_poverty,(name:yemen-acute-food-insecurity-country-data),yemen-acute-food-insecurity-country-data
data grid recipe - yem.yml,food_security_nutrition_poverty,(name:yemen-acute-malnutrition),yemen-acute-malnutrition
data grid recipe - yem.yml,food_security_nutrition_poverty,(name:wfp-food-prices-for-yemen),wfp-food-prices-for-yemen
data grid recipe - yem.yml,food_security_nutrition_poverty,(name:global-market-monitor),global-market-monitor
data grid recipe - yem.yml,food_security_nutrition_poverty,(name:yemen-mpi),yemen-mpi
data grid recipe - yem.yml,geography_and_infrastructure,(name:cod-ab-yem),cod-ab-yem
data grid recipe - yem.yml,geography_and_infrastructure,(name:yemen-population-estimates),yemen-population-estimates
data grid recipe - yem.yml,geography_and_infrastructure,(name:hotosm_yem_populated_places),hotosm_yem_populated_places
data grid recipe - yem.yml,geography_and_infrastructure,(name:worldpop-population-counts-2015-2030-yem),worldpop-population-counts-2015-2030-yem
data grid recipe - yem.yml,geography_and_infrastructure,(name:hotosm_yem_roads),hotosm_yem_roads
data grid recipe - yem.yml,health_and_education,(name:yemen-health-facilities-2023),yemen-health-facilities-2023
data grid recipe - yem.yml,health_and_education,(name:hotosm_yem_education_facilities),hotosm_yem_education_facilities
data grid recipe - yem.yml,climate,(name:yem-rainfall-subnational),yem-rainfall-subnational
data grid recipe - yem.yml,climate,(name:yemen-flood-preparedness-and-response),yemen-flood-preparedness-and-response
data grid recipe - zwe.yml,affected_people,(name:zimbabwe-humanitarian-needs-overview-2021),zimbabwe-humanitarian-needs-overview-2021
data grid recipe - zwe.yml,affected_people,(name:unhcr-population-data-for-zwe),unhcr-population-data-for-zwe
data grid recipe - zwe.yml,affected_people,(name:zimbabwe-humanitarian-needs-overview-2021),zimbabwe-humanitarian-needs-overview-2021
data grid recipe - zwe.yml,affected_people,(name:zimbabwe-humanitarian-needs-overview-2021),zimbabwe-humanitarian-needs-overview-2021
data grid recipe - zwe.yml,coordination_context,(name:zimbabwe-operational-presence),zimbabwe-operational-presence
data grid recipe - zwe.yml,coordination_context,(name:iati-zwe),iati-zwe
data grid recipe - zwe.yml,coordination_context,(name:fts-requirements-and-funding-data-for-zimbabwe),fts-requirements-and-funding-data-for-zimbabwe
data grid recipe - zwe.yml,coordination_context,(name:zimbabwe-acled-conflict-data),zimbabwe-acled-conflict-data
data grid recipe - zwe.yml,food_security_and_nutrition,(name:zimbabwe-acute-food-insecurity-country-data),zimbabwe-acute-food-insecurity-country-data
data grid recipe - zwe.yml,food_security_and_nutrition,(name:zimbabwe-gam-mam-and-sam-based-on-muac-measurements),zimbabwe-gam-mam-and-sam-based-on-muac-measurements
data grid recipe - zwe.yml,food_security_and_nutrition,(name:wfp-food-prices-for-zimbabwe),wfp-food-prices-for-zimbabwe
data grid recipe - zwe.yml,geography_and_infrastructure,(name:cod-ab-zwe),cod-ab-zwe
data grid recipe - zwe.yml,geography_and_infrastructure,(name:zimbabwe-zimbabwe-road-network-main-roads),zimbabwe-zimbabwe-road-network-main-roads
data grid recipe - zwe.yml,geography_and_infrastructure,(name:ourairports-zwe),ourairports-zwe
data grid recipe - zwe.yml,health_and_education,(name:zimbabwe-health-facilities),zimbabwe-health-facilities
data grid recipe - zwe.yml,health_and_education,(name:zimbabwe-schools-in-zimbabwe),zimbabwe-schools-in-zimbabwe
data grid recipe - zwe.yml,socio-economic,(name:cod-ps-zwe),cod-ps-zwe
data grid recipe - zwe.yml,socio-economic,(name:zimbabwe-mpi),zimbabwe-mpi
